"CBSA","DIV","CSA","Type","Population","CBSA Name","Div Name","CSA Name"
"10100",,,"Micro","42,608","Aberdeen, SD",,
"10140",,,"Micro","71,454","Aberdeen, WA",,
"10180",,,"Metro","169,000","Abilene, TX",,
"10220",,,"Micro","38,289","Ada, OK",,
"10300",,"220","Micro","98,585","Adrian, MI",,"Detroit-Warren-Ann Arbor, MI"
"10380",,,"Metro","315,100","Aguadilla-Isabela, PR",,
"10420",,"184","Metro","703,398","Akron, OH",,"Cleveland-Akron-Canton, OH"
"10460",,,"Micro","65,130","Alamogordo, NM",,
"10500",,,"Metro","153,776","Albany, GA",,
"10540",,"440","Metro","121,074","Albany-Lebanon, OR",,"Portland-Vancouver-Salem, OR-WA"
"10580",,"104","Metro","881,862","Albany-Schenectady-Troy, NY",,"Albany-Schenectady, NY"
"10620",,"172","Micro","60,875","Albemarle, NC",,"Charlotte-Concord, NC-SC"
"10660",,,"Micro","30,619","Albert Lea, MN",,
"10700",,,"Micro","94,738","Albertville, AL",,
"10740",,"106","Metro","905,049","Albuquerque, NM",,"Albuquerque-Santa Fe-Las Vegas, NM"
"10760",,"388","Micro","40,756","Alexander City, AL",,"Montgomery-Selma-Alexander City, AL"
"10780",,,"Metro","154,385","Alexandria, LA",,
"10820",,,"Micro","36,891","Alexandria, MN",,
"10860",,"204","Micro","41,318","Alice, TX",,"Corpus Christi-Kingsville-Alice, TX"
"10900",,,"Metro","832,790","Allentown-Bethlehem-Easton, PA-NJ",,
"10940",,"394","Micro","41,319","Alma, MI",,"Mount Pleasant-Alma, MI"
"10980",,,"Micro","28,730","Alpena, MI",,
"11020",,"107","Metro","124,736","Altoona, PA",,"Altoona-Huntingdon, PA"
"11060",,,"Micro","25,574","Altus, OK",,
"11100",,"108","Metro","261,827","Amarillo, TX",,"Amarillo-Pampa-Borger, TX"
"11140",,,"Micro","35,855","Americus, GA",,
"11180",,"218","Metro","95,888","Ames, IA",,"Des Moines-Ames-West Des Moines, IA"
"11220",,"104","Micro","49,500","Amsterdam, NY",,"Albany-Schenectady, NY"
"11260",,,"Metro","399,360","Anchorage, AK",,
"11380",,,"Micro","17,577","Andrews, TX",,
"11420",,"258","Micro","34,459","Angola, IN",,"Fort Wayne-Huntington-Auburn, IN"
"11460",,"220","Metro","361,509","Ann Arbor, MI",,"Detroit-Warren-Ann Arbor, MI"
"11500",,,"Metro","115,527","Anniston-Oxford, AL",,
"11540",,"118","Metro","233,025","Appleton, WI",,"Appleton-Oshkosh-Neenah, WI"
"11580",,"412","Micro","35,675","Arcadia, FL",,"North Port-Sarasota, FL"
"11620",,,"Micro","48,407","Ardmore, OK",,
"11640",,"490","Metro","188,012","Arecibo, PR",,"San Juan-Bayamón, PR"
"11660",,,"Micro","22,495","Arkadelphia, AR",,
"11700",,"120","Metro","445,625","Asheville, NC",,"Asheville-Marion-Brevard, NC"
"11740",,"360","Micro","53,299","Ashland, OH",,"Mansfield-Ashland-Bucyrus, OH"
"11780",,"184","Micro","98,622","Ashtabula, OH",,"Cleveland-Akron-Canton, OH"
"11820",,,"Micro","38,021","Astoria, OR",,
"11860",,"312","Micro","16,466","Atchison, KS",,"Kansas City-Overland Park-Kansas City, MO-KS"
"11900",,,"Micro","65,563","Athens, OH",,
"11940",,"174","Micro","52,569","Athens, TN",,"Chattanooga-Cleveland-Dalton, TN-GA"
"11980",,"206","Micro","79,687","Athens, TX",,"Dallas-Fort Worth, TX-OK"
"12020",,"122","Metro","202,780","Athens-Clarke County, GA",,"Atlanta--Athens-Clarke County--Sandy Springs, GA-AL"
"12060",,"122","Metro","5,700,990","Atlanta-Sandy Springs-Alpharetta, GA",,"Atlanta--Athens-Clarke County--Sandy Springs, GA-AL"
"12100",,"428","Metro","272,926","Atlantic City-Hammonton, NJ",,"Philadelphia-Reading-Camden, PA-NJ-DE-MD"
"12120",,"426","Micro","37,621","Atmore, AL",,"Pensacola-Ferry Pass, FL-AL"
"12140",,"258","Micro","42,524","Auburn, IN",,"Fort Wayne-Huntington-Auburn, IN"
"12180",,"532","Micro","78,319","Auburn, NY",,"Syracuse-Auburn, NY"
"12220",,"194","Metro","156,597","Auburn-Opelika, AL",,"Columbus-Auburn-Opelika, GA-AL"
"12260",,,"Metro","589,519","Augusta-Richmond County, GA-SC",,
"12300",,,"Micro","121,289","Augusta-Waterville, ME",,
"12380",,"462","Micro","39,386","Austin, MN",,"Rochester-Austin, MN"
"12420",,,"Metro","2,000,590","Austin-Round Rock-Georgetown, TX",,
"12460",,,"Micro","27,023","Bainbridge, GA",,
"12540",,,"Metro","878,744","Bakersfield, CA",,
"12580",,"548","Metro","2,792,050","Baltimore-Columbia-Towson, MD",,"Washington-Baltimore-Arlington, DC-MD-VA-WV-PA"
"12620",,,"Metro","152,284","Bangor, ME",,
"12660",,"357","Micro","63,340","Baraboo, WI",,"Madison-Janesville-Beloit, WI"
"12680",,"350","Micro","45,131","Bardstown, KY",,"Louisville/Jefferson County--Elizabethtown--Bardstown, KY-IN"
"12700",,"148","Metro","213,900","Barnstable Town, MA",,"Boston-Worcester-Providence, MA-RI-NH-CT"
"12740",,"162","Micro","58,691","Barre, VT",,"Burlington-South Burlington-Barre, VT"
"12780",,"538","Micro","51,867","Bartlesville, OK",,"Tulsa-Muskogee-Bartlesville, OK"
"12860",,"464","Micro","58,537","Batavia, NY",,"Rochester-Batavia-Seneca Falls, NY"
"12900",,,"Micro","37,097","Batesville, AR",,
"12940",,,"Metro","828,741","Baton Rouge, LA",,
"12980",,"310","Metro","134,327","Battle Creek, MI",,"Kalamazoo-Battle Creek-Portage, MI"
"13020",,"474","Metro","105,350","Bay City, MI",,"Saginaw-Midland-Bay City, MI"
"13060",,"288","Micro","36,744","Bay City, TX",,"Houston-The Woodlands, TX"
"13100",,"339","Micro","21,632","Beatrice, NE",,"Lincoln-Beatrice, NE"
"13140",,,"Metro","408,663","Beaumont-Port Arthur, TX",,
"13180",,"376","Micro","87,833","Beaver Dam, WI",,"Milwaukee-Racine-Waukesha, WI"
"13220",,,"Metro","121,699","Beckley, WV",,
"13260",,"144","Micro","45,669","Bedford, IN",,"Bloomington-Bedford, IN"
"13300",,,"Micro","32,729","Beeville, TX",,
"13340",,"198","Micro","45,323","Bellefontaine, OH",,"Columbus-Marion-Zanesville, OH"
"13380",,,"Metro","212,738","Bellingham, WA",,
"13420",,,"Micro","45,847","Bemidji, MN",,
"13460",,"140","Metro","175,321","Bend, OR",,"Bend-Prineville, OR"
"13500",,,"Micro","27,505","Bennettsville, SC",,
"13540",,,"Micro","36,054","Bennington, VT",,
"13620",,,"Micro","38,322","Berlin, NH",,
"13660",,"266","Micro","43,181","Big Rapids, MI",,"Grand Rapids-Kentwood-Muskegon, MI"
"13700",,,"Micro","37,911","Big Spring, TX",,
"13720",,,"Micro","58,763","Big Stone Gap, VA",,
"13740",,,"Metro","167,545","Billings, MT",,
"13780",,,"Metro","245,446","Binghamton, NY",,
"13820",,"142","Metro","1,144,097","Birmingham-Hoover, AL",,"Birmingham-Hoover-Talladega, AL"
"13900",,,"Metro","128,673","Bismarck, ND",,
"13940",,"292","Micro","45,369","Blackfoot, ID",,"Idaho Falls-Rexburg-Blackfoot, ID"
"13980",,,"Metro","181,863","Blacksburg-Christiansburg, VA",,
"14010",,"145","Metro","189,407","Bloomington, IL",,"Bloomington-Pontiac, IL"
"14020",,"144","Metro","165,393","Bloomington, IN",,"Bloomington-Bedford, IN"
"14100",,"146","Metro","84,917","Bloomsburg-Berwick, PA",,"Bloomsburg-Berwick-Sunbury, PA"
"14140",,,"Micro","103,652","Bluefield, WV-VA",,
"14180",,,"Micro","43,534","Blytheville, AR",,
"14220",,"406","Micro","46,449","Bogalusa, LA",,"New Orleans-Metairie-Hammond, LA-MS"
"14260",,"147","Metro","677,346","Boise City, ID",,"Boise City-Mountain Home-Ontario, ID-OR"
"14300",,"206","Micro","33,787","Bonham, TX",,"Dallas-Fort Worth, TX-OK"
"14380",,,"Micro","53,421","Boone, NC",,
"14420",,"108","Micro","21,704","Borger, TX",,"Amarillo-Pampa-Borger, TX"
"14460","14454","148","Metro","4,771,936","Boston-Cambridge-Newton, MA-NH","Boston, MA","Boston-Worcester-Providence, MA-RI-NH-CT"
"14460","15764","148","Metro","4,771,936","Boston-Cambridge-Newton, MA-NH","Cambridge-Newton-Framingham, MA","Boston-Worcester-Providence, MA-RI-NH-CT"
"14460","40484","148","Metro","4,771,936","Boston-Cambridge-Newton, MA-NH","Rockingham County-Strafford County, NH","Boston-Worcester-Providence, MA-RI-NH-CT"
"14500",,"216","Metro","316,782","Boulder, CO",,"Denver-Aurora, CO"
"14540",,"150","Metro","169,250","Bowling Green, KY",,"Bowling Green-Glasgow, KY"
"14580",,,"Micro","100,733","Bozeman, MT",,
"14620",,,"Micro","42,070","Bradford, PA",,
"14660",,,"Micro","92,315","Brainerd, MN",,
"14700",,,"Micro","85,837","Branson, MO",,
"14720",,,"Micro","29,722","Breckenridge, CO",,
"14740",,"500","Metro","258,903","Bremerton-Silverdale-Port Orchard, WA",,"Seattle-Tacoma, WA"
"14780",,"288","Micro","34,667","Brenham, TX",,"Houston-The Woodlands, TX"
"14820",,"120","Micro","33,291","Brevard, NC",,"Asheville-Marion-Brevard, NC"
"14860",,"408","Metro","947,328","Bridgeport-Stamford-Norwalk, CT",,"New York-Newark, NY-NJ-CT-PA"
"15020",,"298","Micro","34,542","Brookhaven, MS",,"Jackson-Vicksburg-Brookhaven, MS"
"15060",,,"Micro","22,377","Brookings, OR",,
"15100",,,"Micro","33,697","Brookings, SD",,
"15140",,"297","Micro","17,944","Brownsville, TN",,"Jackson-Brownsville, TN"
"15180",,"154","Metro","420,201","Brownsville-Harlingen, TX",,"Brownsville-Harlingen-Raymondville, TX"
"15220",,,"Micro","37,787","Brownwood, TX",,
"15260",,,"Metro","115,939","Brunswick, GA",,
"15340",,"360","Micro","42,231","Bucyrus-Galion, OH",,"Mansfield-Ashland-Bucyrus, OH"
"15380",,"160","Metro","1,136,670","Buffalo-Cheektowaga, NY",,"Buffalo-Cheektowaga-Olean, NY"
"15420",,,"Micro","43,920","Burley, ID",,
"15460",,"161","Micro","46,803","Burlington, IA-IL",,"Burlington-Fort Madison-Keokuk, IA-IL-MO"
"15500",,"268","Metro","157,844","Burlington, NC",,"Greensboro--Winston-Salem--High Point, NC"
"15540",,"162","Metro","216,751","Burlington-South Burlington, VT",,"Burlington-South Burlington-Barre, VT"
"15580",,,"Micro","34,514","Butte-Silver Bow, MT",,
"15620",,,"Micro","47,897","Cadillac, MI",,
"15660",,"174","Micro","56,424","Calhoun, GA",,"Chattanooga-Cleveland-Dalton, TN-GA"
"15680",,"548","Metro","110,979","California-Lexington Park, MD",,"Washington-Baltimore-Arlington, DC-MD-VA-WV-PA"
"15700",,"480","Micro","32,386","Cambridge, MD",,"Salisbury-Cambridge, MD-DE"
"15740",,"198","Micro","39,414","Cambridge, OH",,"Columbus-Marion-Zanesville, OH"
"15780",,,"Micro","29,572","Camden, AR",,
"15820",,,"Micro","25,406","Campbellsville, KY",,
"15860",,"444","Micro","46,601","Cañon City, CO",,"Pueblo-Cañon City, CO"
"15940",,"184","Metro","402,098","Canton-Massillon, OH",,"Cleveland-Akron-Canton, OH"
"15980",,"163","Metro","700,165","Cape Coral-Fort Myers, FL",,"Cape Coral-Fort Myers-Naples, FL"
"16020",,"164","Metro","97,136","Cape Girardeau, MO-IL",,"Cape Girardeau-Sikeston, MO-IL"
"16060",,,"Metro","126,592","Carbondale-Marion, IL",,
"16100",,,"Micro","56,793","Carlsbad-Artesia, NM",,
"16140",,,"Micro","20,428","Carroll, IA",,
"16180",,"456","Metro","54,219","Carson City, NV",,"Reno-Carson City-Fernley, NV"
"16220",,,"Metro","81,023","Casper, WY",,
"16260",,,"Micro","48,504","Cedar City, UT",,
"16300",,"168","Metro","266,122","Cedar Rapids, IA",,"Cedar Rapids-Iowa City, IA"
"16340",,"122","Micro","41,444","Cedartown, GA",,"Atlanta--Athens-Clarke County--Sandy Springs, GA-AL"
"16380",,"338","Micro","40,723","Celina, OH",,"Lima-Van Wert-Celina, OH"
"16420",,,"Micro","31,153","Central City, KY",,
"16460",,"476","Micro","38,305","Centralia, IL",,"St. Louis-St. Charles-Farmington, MO-IL"
"16500",,"500","Micro","76,012","Centralia, WA",,"Seattle-Tacoma, WA"
"16540",,"548","Metro","153,003","Chambersburg-Waynesboro, PA",,"Washington-Baltimore-Arlington, DC-MD-VA-WV-PA"
"16580",,,"Metro","237,849","Champaign-Urbana, IL",,
"16620",,"170","Metro","219,964","Charleston, WV",,"Charleston-Huntington-Ashland, WV-OH-KY"
"16660",,,"Micro","63,439","Charleston-Mattoon, IL",,
"16700",,,"Metro","744,195","Charleston-North Charleston, SC",,
"16740",,"172","Metro","2,427,024","Charlotte-Concord-Gastonia, NC-SC",,"Charlotte-Concord, NC-SC"
"16820",,,"Metro","228,825","Charlottesville, VA",,
"16860",,"174","Metro","548,359","Chattanooga, TN-GA",,"Chattanooga-Cleveland-Dalton, TN-GA"
"16940",,,"Metro","97,031","Cheyenne, WY",,
"16980","16984","176","Metro","9,549,229","Chicago-Naperville-Elgin, IL-IN-WI","Chicago-Naperville-Evanston, IL","Chicago-Naperville, IL-IN-WI"
"16980","20994","176","Metro","9,549,229","Chicago-Naperville-Elgin, IL-IN-WI","Elgin, IL","Chicago-Naperville, IL-IN-WI"
"16980","23844","176","Metro","9,549,229","Chicago-Naperville-Elgin, IL-IN-WI","Gary, IN","Chicago-Naperville, IL-IN-WI"
"16980","29404","176","Metro","9,549,229","Chicago-Naperville-Elgin, IL-IN-WI","Lake County-Kenosha County, IL-WI","Chicago-Naperville, IL-IN-WI"
"17020",,,"Metro","225,207","Chico, CA",,
"17060",,"198","Micro","77,125","Chillicothe, OH",,"Columbus-Marion-Zanesville, OH"
"17140",,"178","Metro","2,156,723","Cincinnati, OH-KY-IN",,"Cincinnati-Wilmington-Maysville, OH-KY-IN"
"17220",,,"Micro","93,985","Clarksburg, WV",,
"17260",,,"Micro","24,296","Clarksdale, MS",,
"17300",,,"Metro","278,844","Clarksville, TN-KY",,
"17340",,,"Micro","64,095","Clearlake, CA",,
"17380",,"185","Micro","33,121","Cleveland, MS",,"Cleveland-Indianola, MS"
"17420",,"174","Metro","120,388","Cleveland, TN",,"Chattanooga-Cleveland-Dalton, TN-GA"
"17460",,"184","Metro","2,062,764","Cleveland-Elyria, OH",,"Cleveland-Akron-Canton, OH"
"17500",,"163","Micro","39,064","Clewiston, FL",,"Cape Coral-Fort Myers-Naples, FL"
"17540",,"209","Micro","47,587","Clinton, IA",,"Davenport-Moline, IA-IL"
"17580",,"188","Micro","50,283","Clovis, NM",,"Clovis-Portales, NM"
"17620",,"434","Micro","39,796","Coamo, PR",,"Ponce-Yauco-Coamo, PR"
"17640",,"490","Micro","29,239","Coco, PR",,"San Juan-Bayamón, PR"
"17660",,"518","Metro","150,128","Coeur d'Alene, ID",,"Spokane-Spokane Valley-Coeur d'Alene, WA-ID"
"17700",,,"Micro","33,463","Coffeyville, KS",,
"17740",,"310","Micro","43,543","Coldwater, MI",,"Kalamazoo-Battle Creek-Portage, MI"
"17780",,,"Metro","248,554","College Station-Bryan, TX",,
"17820",,,"Metro","698,595","Colorado Springs, CO",,
"17860",,"190","Metro","174,589","Columbia, MO",,"Columbia-Moberly-Mexico, MO"
"17900",,"192","Metro","808,377","Columbia, SC",,"Columbia-Orangeburg-Newberry, SC"
"17980",,"194","Metro","309,979","Columbus, GA-AL",,"Columbus-Auburn-Opelika, GA-AL"
"18020",,"294","Metro","81,024","Columbus, IN",,"Indianapolis-Carmel-Muncie, IN"
"18060",,"200","Micro","59,558","Columbus, MS",,"Columbus-West Point, MS"
"18100",,,"Micro","32,875","Columbus, NE",,
"18140",,"198","Metro","2,023,695","Columbus, OH",,"Columbus-Marion-Zanesville, OH"
"18180",,"148","Micro","147,958","Concord, NH",,"Boston-Worcester-Providence, MA-RI-NH-CT"
"18220",,"458","Micro","23,426","Connersville, IN",,"Richmond-Connersville, IN"
"18260",,,"Micro","109,133","Cookeville, TN",,
"18300",,,"Micro","62,921","Coos Bay, OR",,
"18380",,,"Micro","23,005","Cordele, GA",,
"18420",,"539","Micro","37,242","Corinth, MS",,"Tupelo-Corinth, MS"
"18460",,"122","Micro","43,878","Cornelia, GA",,"Atlanta--Athens-Clarke County--Sandy Springs, GA-AL"
"18500",,"236","Micro","97,539","Corning, NY",,"Elmira-Corning, NY"
"18580",,"204","Metro","450,183","Corpus Christi, TX",,"Corpus Christi-Kingsville-Alice, TX"
"18620",,"206","Micro","48,239","Corsicana, TX",,"Dallas-Fort Worth, TX-OK"
"18660",,"296","Micro","48,334","Cortland, NY",,"Ithaca-Cortland, NY"
"18700",,"440","Metro","88,249","Corvallis, OR",,"Portland-Vancouver-Salem, OR-WA"
"18740",,,"Micro","36,602","Coshocton, OH",,
"18780",,"525","Micro","13,056","Craig, CO",,"Steamboat Springs-Craig, CO"
"18820",,"294","Micro","38,288","Crawfordsville, IN",,"Indianapolis-Carmel-Muncie, IN"
"18860",,,"Micro","27,442","Crescent City, CA",,
"18880",,,"Metro","261,048","Crestview-Fort Walton Beach-Destin, FL",,
"18900",,,"Micro","58,178","Crossville, TN",,
"18980",,"142","Micro","81,703","Cullman, AL",,"Birmingham-Hoover-Talladega, AL"
"19000",,,"Micro","41,725","Cullowhee, NC",,
"19060",,,"Metro","100,012","Cumberland, MD-WV",,
"19100","19124","206","Metro","7,104,415","Dallas-Fort Worth-Arlington, TX","Dallas-Plano-Irving, TX","Dallas-Fort Worth, TX-OK"
"19100","23104","206","Metro","7,104,415","Dallas-Fort Worth-Arlington, TX","Fort Worth-Arlington-Grapevine, TX","Dallas-Fort Worth, TX-OK"
"19140",,"174","Metro","143,407","Dalton, GA",,"Chattanooga-Cleveland-Dalton, TN-GA"
"19180",,,"Metro","79,207","Danville, IL",,
"19220",,,"Micro","54,186","Danville, KY",,
"19260",,,"Micro","103,881","Danville, VA",,
"19300",,"380","Metro","203,360","Daphne-Fairhope-Foley, AL",,"Mobile-Daphne-Fairhope, AL"
"19340",,"209","Metro","383,141","Davenport-Moline-Rock Island, IA-IL",,"Davenport-Moline, IA-IL"
"19420",,"174","Micro","32,478","Dayton, TN",,"Chattanooga-Cleveland-Dalton, TN-GA"
"19430",,"212","Metro","799,022","Dayton-Kettering, OH",,"Dayton-Springfield-Kettering, OH"
"19460",,"290","Metro","152,445","Decatur, AL",,"Huntsville-Decatur, AL"
"19500",,,"Metro","107,587","Decatur, IL",,
"19540",,"258","Micro","35,018","Decatur, IN",,"Fort Wayne-Huntington-Auburn, IN"
"19580",,,"Micro","38,311","Defiance, OH",,
"19620",,,"Micro","48,976","Del Rio, TX",,
"19660",,"422","Metro","623,675","Deltona-Daytona Beach-Ormond Beach, FL",,"Orlando-Lakeland-Deltona, FL"
"19700",,,"Micro","24,319","Deming, NM",,
"19740",,"216","Metro","2,798,684","Denver-Aurora-Lakewood, CO",,"Denver-Aurora, CO"
"19760",,"217","Micro","36,598","DeRidder, LA",,"DeRidder-Fort Polk South, LA"
"19780",,"218","Metro","623,113","Des Moines-West Des Moines, IA",,"Des Moines-Ames-West Des Moines, IA"
"19820","19804","220","Metro","4,304,613","Detroit-Warren-Dearborn, MI","Detroit-Dearborn-Livonia, MI","Detroit-Warren-Ann Arbor, MI"
"19820","47664","220","Metro","4,304,613","Detroit-Warren-Dearborn, MI","Warren-Troy-Farmington Hills, MI","Detroit-Warren-Ann Arbor, MI"
"19860",,,"Micro","30,316","Dickinson, ND",,
"19940",,"221","Micro","34,670","Dixon, IL",,"Dixon-Sterling, IL"
"19980",,,"Micro","34,658","Dodge City, KS",,
"20020",,"222","Metro","147,790","Dothan, AL",,"Dothan-Ozark, AL"
"20060",,,"Micro","43,048","Douglas, GA",,
"20100",,"428","Metro","173,145","Dover, DE",,"Philadelphia-Reading-Camden, PA-NJ-DE-MD"
"20140",,,"Micro","57,251","Dublin, GA",,
"20180",,"524","Micro","80,539","DuBois, PA",,"State College-DuBois, PA"
"20220",,,"Metro","96,571","Dubuque, IA",,
"20260",,,"Metro","279,205","Duluth, MN-WI",,
"20300",,,"Micro","22,016","Dumas, TX",,
"20340",,,"Micro","44,293","Duncan, OK",,
"20420",,,"Micro","54,469","Durango, CO",,
"20460",,"206","Micro","45,068","Durant, OK",,"Dallas-Fort Worth, TX-OK"
"20500",,"450","Metro","550,281","Durham-Chapel Hill, NC",,"Raleigh-Durham-Cary, NC"
"20540",,,"Micro","37,751","Dyersburg, TN",,
"20580",,,"Micro","57,471","Eagle Pass, TX",,
"20660",,"548","Micro","37,461","Easton, MD",,"Washington-Baltimore-Arlington, DC-MD-VA-WV-PA"
"20700",,"408","Metro","167,306","East Stroudsburg, PA",,"New York-Newark, NY-NJ-CT-PA"
"20740",,"232","Metro","165,833","Eau Claire, WI",,"Eau Claire-Menomonie, WI"
"20780",,"233","Micro","53,726","Edwards, CO",,"Edwards-Glenwood Springs, CO"
"20820",,,"Micro","34,164","Effingham, IL",,
"20900",,"288","Micro","41,430","El Campo, TX",,"Houston-The Woodlands, TX"
"20940",,,"Metro","179,957","El Centro, CA",,
"20980",,,"Micro","40,022","El Dorado, AR",,
"21020",,"545","Micro","63,388","Elizabeth City, NC",,"Virginia Beach-Norfolk, VA-NC"
"21060",,"350","Metro","150,253","Elizabethtown-Fort Knox, KY",,"Louisville/Jefferson County--Elizabethtown--Bardstown, KY-IN"
"21120",,,"Micro","22,971","Elk City, OK",,
"21140",,"515","Metro","202,924","Elkhart-Goshen, IN",,"South Bend-Elkhart-Mishawaka, IN-MI"
"21180",,,"Micro","29,152","Elkins, WV",,
"21220",,,"Micro","54,105","Elko, NV",,
"21260",,,"Micro","43,726","Ellensburg, WA",,
"21300",,"236","Metro","86,883","Elmira, NY",,"Elmira-Corning, NY"
"21340",,"238","Metro","838,527","El Paso, TX",,"El Paso-Las Cruces, TX-NM"
"21380",,,"Micro","33,302","Emporia, KS",,
"21420",,,"Metro","62,421","Enid, OK",,
"21460",,,"Micro","51,073","Enterprise, AL",,
"21500",,"240","Metro","277,794","Erie, PA",,"Erie-Meadville, PA"
"21540",,,"Micro","36,395","Escanaba, MI",,
"21580",,"106","Micro","39,455","Española, NM",,"Albuquerque-Santa Fe-Las Vegas, NM"
"21640",,,"Micro","28,341","Eufaula, AL-GA",,
"21660",,,"Metro","363,471","Eugene-Springfield, OR",,
"21700",,,"Micro","135,490","Eureka-Arcata, CA",,
"21740",,,"Micro","20,758","Evanston, WY",,
"21780",,,"Metro","315,263","Evansville, IN-KY",,
"21820",,,"Metro","100,031","Fairbanks, AK",,
"21840",,,"Micro","17,945","Fairfield, IA",,
"21860",,,"Micro","20,084","Fairmont, MN",,
"21900",,"390","Micro","56,575","Fairmont, WV",,"Morgantown-Fairmont, WV"
"21980",,,"Micro","24,022","Fallon, NV",,
"22020",,"244","Metro","232,660","Fargo, ND-MN",,"Fargo-Wahpeton, ND-MN"
"22060",,"378","Micro","65,251","Faribault-Northfield, MN",,"Minneapolis-St. Paul, MN-WI"
"22100",,"476","Micro","66,248","Farmington, MO",,"St. Louis-St. Charles-Farmington, MO-IL"
"22140",,,"Metro","128,221","Farmington, NM",,
"22180",,"246","Metro","385,337","Fayetteville, NC",,"Fayetteville-Sanford-Lumberton, NC"
"22220",,,"Metro","514,166","Fayetteville-Springdale-Rogers, AR",,
"22260",,,"Micro","57,790","Fergus Falls, MN",,
"22280",,"456","Micro","52,303","Fernley, NV",,"Reno-Carson City-Fernley, NV"
"22300",,"534","Micro","75,508","Findlay, OH",,"Toledo-Findlay-Tiffin, OH"
"22340",,,"Micro","17,272","Fitzgerald, GA",,
"22380",,,"Metro","138,639","Flagstaff, AZ",,
"22420",,"220","Metro","410,881","Flint, MI",,"Detroit-Warren-Ann Arbor, MI"
"22500",,,"Metro","206,109","Florence, SC",,
"22520",,,"Metro","147,025","Florence-Muscle Shoals, AL",,
"22540",,,"Metro","102,082","Fond du Lac, WI",,
"22580",,,"Micro","66,523","Forest City, NC",,
"22620",,"368","Micro","26,688","Forrest City, AR",,"Memphis-Forrest City, TN-MS-AR"
"22660",,,"Metro","330,976","Fort Collins, CO",,
"22700",,,"Micro","36,945","Fort Dodge, IA",,
"22780",,,"Micro","53,132","Fort Leonard Wood, MO",,
"22800",,"161","Micro","59,856","Fort Madison-Keokuk, IA-IL-MO",,"Burlington-Fort Madison-Keokuk, IA-IL-MO"
"22820",,,"Micro","28,123","Fort Morgan, CO",,
"22840",,"497","Micro","71,194","Fort Payne, AL",,"Scottsboro-Fort Payne, AL"
"22860",,"217","Micro","51,906","Fort Polk South, LA",,"DeRidder-Fort Polk South, LA"
"22900",,,"Metro","280,705","Fort Smith, AR-OK",,
"23060",,"258","Metro","429,060","Fort Wayne, IN",,"Fort Wayne-Huntington-Auburn, IN"
"23140",,"320","Micro","32,455","Frankfort, IN",,"Lafayette-West Lafayette-Frankfort, IN"
"23180",,"336","Micro","71,986","Frankfort, KY",,"Lexington-Fayette--Richmond--Frankfort, KY"
"23240",,"314","Micro","25,939","Fredericksburg, TX",,"Kerrville-Fredericksburg, TX"
"23300",,"466","Micro","45,839","Freeport, IL",,"Rockford-Freeport-Rochelle, IL"
"23340",,"420","Micro","36,576","Fremont, NE",,"Omaha-Council Bluffs-Fremont, NE-IA"
"23380",,"534","Micro","59,559","Fremont, OH",,"Toledo-Findlay-Tiffin, OH"
"23420",,"260","Metro","971,616","Fresno, CA",,"Fresno-Madera-Hanford, CA"
"23460",,,"Metro","103,132","Gadsden, AL",,
"23500",,"273","Micro","56,549","Gaffney, SC",,"Greenville-Spartanburg-Anderson, SC"
"23540",,"264","Metro","277,056","Gainesville, FL",,"Gainesville-Lake City, FL"
"23580",,"122","Metro","192,865","Gainesville, GA",,"Atlanta--Athens-Clarke County--Sandy Springs, GA-AL"
"23620",,"206","Micro","39,064","Gainesville, TX",,"Dallas-Fort Worth, TX-OK"
"23660",,,"Micro","51,374","Galesburg, IL",,
"23700",,,"Micro","72,849","Gallup, NM",,
"23780",,,"Micro","41,028","Garden City, KS",,
"23820",,"456","Micro","47,632","Gardnerville Ranchos, NV",,"Reno-Carson City-Fernley, NV"
"23860",,"396","Micro","61,065","Georgetown, SC",,"Myrtle Beach-Conway, SC-NC"
"23900",,"276","Metro","101,589","Gettysburg, PA",,"Harrisburg-York-Lebanon, PA"
"23940",,,"Micro","48,116","Gillette, WY",,
"23980",,"150","Micro","53,408","Glasgow, KY",,"Bowling Green-Glasgow, KY"
"24020",,"104","Metro","126,884","Glens Falls, NY",,"Albany-Schenectady, NY"
"24060",,"233","Micro","75,692","Glenwood Springs, CO",,"Edwards-Glenwood Springs, CO"
"24100",,"104","Micro","53,955","Gloversville, NY",,"Albany-Schenectady, NY"
"24140",,,"Metro","124,496","Goldsboro, NC",,
"24180",,"206","Micro","55,286","Granbury, TX",,"Dallas-Fort Worth, TX-OK"
"24220",,,"Metro","101,694","Grand Forks, ND-MN",,
"24260",,,"Metro","84,596","Grand Island, NE",,
"24300",,,"Metro","148,798","Grand Junction, CO",,
"24330",,,"Micro","45,237","Grand Rapids, MN",,
"24340",,"266","Metro","1,039,182","Grand Rapids-Kentwood, MI",,"Grand Rapids-Kentwood-Muskegon, MI"
"24380",,,"Micro","27,049","Grants, NM",,
"24420",,"366","Metro","84,514","Grants Pass, OR",,"Medford-Grants Pass, OR"
"24460",,,"Micro","27,067","Great Bend, KS",,
"24500",,,"Metro","81,816","Great Falls, MT",,
"24540",,"216","Metro","285,729","Greeley, CO",,"Denver-Aurora, CO"
"24580",,"267","Metro","315,847","Green Bay, WI",,"Green Bay-Shawano, WI"
"24620",,,"Micro","68,520","Greeneville, TN",,
"24660",,"268","Metro","751,590","Greensboro-High Point, NC",,"Greensboro--Winston-Salem--High Point, NC"
"24700",,"294","Micro","26,480","Greensburg, IN",,"Indianapolis-Carmel-Muncie, IN"
"24740",,,"Micro","48,002","Greenville, MS",,
"24780",,"272","Metro","176,484","Greenville, NC",,"Greenville-Kinston-Washington, NC"
"24820",,"212","Micro","51,919","Greenville, OH",,"Dayton-Springfield-Kettering, OH"
"24860",,"273","Metro","872,463","Greenville-Anderson, SC",,"Greenville-Spartanburg-Anderson, SC"
"24900",,,"Micro","40,334","Greenwood, MS",,
"24940",,"273","Micro","94,769","Greenwood, SC",,"Greenville-Spartanburg-Anderson, SC"
"24980",,,"Micro","21,379","Grenada, MS",,
"25020",,"490","Metro","78,896","Guayama, PR",,"San Juan-Bayamón, PR"
"25060",,,"Metro","388,082","Gulfport-Biloxi, MS",,
"25100",,,"Micro","21,409","Guymon, OK",,
"25180",,"548","Metro","261,156","Hagerstown-Martinsburg, MD-WV",,"Washington-Baltimore-Arlington, DC-MD-VA-WV-PA"
"25200",,,"Micro","27,765","Hailey, ID",,
"25220",,"406","Metro","128,850","Hammond, LA",,"New Orleans-Metairie-Hammond, LA-MS"
"25260",,"260","Metro","150,183","Hanford-Corcoran, CA",,"Fresno-Madera-Hanford, CA"
"25300",,"448","Micro","38,911","Hannibal, MO",,"Quincy-Hannibal, IL-MO"
"25420",,"276","Metro","565,008","Harrisburg-Carlisle, PA",,"Harrisburg-York-Lebanon, PA"
"25460",,,"Micro","45,110","Harrison, AR",,
"25500",,"277","Metro","131,717","Harrisonburg, VA",,"Harrisonburg-Staunton, VA"
"25540",,"278","Metro","1,213,123","Hartford-East Hartford-Middletown, CT",,"Hartford-East Hartford, CT"
"25580",,,"Micro","31,564","Hastings, NE",,
"25620",,"279","Metro","148,399","Hattiesburg, MS",,"Hattiesburg-Laurel, MS"
"25700",,,"Micro","28,877","Hays, KS",,
"25720",,"482","Micro","29,306","Heber, UT",,"Salt Lake City-Provo-Orem, UT"
"25740",,,"Micro","77,915","Helena, MT",,
"25760",,,"Micro","19,518","Helena-West Helena, AR",,
"25780",,"450","Micro","44,420","Henderson, NC",,"Raleigh-Durham-Cary, NC"
"25820",,,"Micro","18,947","Hereford, TX",,
"25840",,,"Micro","87,889","Hermiston-Pendleton, OR",,
"25860",,,"Metro","364,044","Hickory-Lenoir-Morganton, NC",,
"25880",,,"Micro","45,909","Hillsdale, MI",,
"25900",,,"Micro","196,325","Hilo, HI",,
"25940",,,"Metro","206,781","Hilton Head Island-Bluffton, SC",,
"25980",,"496","Metro","79,977","Hinesville, GA",,"Savannah-Hinesville-Statesboro, GA"
"26020",,,"Micro","69,505","Hobbs, NM",,
"26090",,"266","Micro","114,145","Holland, MI",,"Grand Rapids-Kentwood-Muskegon, MI"
"26140",,,"Metro","141,373","Homosassa Springs, FL",,
"26220",,,"Micro","22,938","Hood River, OR",,
"26260",,,"Micro","30,682","Hope, AR",,
"26300",,"284","Metro","97,994","Hot Springs, AR",,"Hot Springs-Malvern, AR"
"26340",,,"Micro","38,469","Houghton, MI",,
"26380",,,"Metro","211,179","Houma-Thibodaux, LA",,
"26420",,"288","Metro","6,636,208","Houston-The Woodlands-Sugar Land, TX",,"Houston-The Woodlands, TX"
"26460",,"104","Micro","61,481","Hudson, NY",,"Albany-Schenectady, NY"
"26500",,"107","Micro","45,686","Huntingdon, PA",,"Altoona-Huntingdon, PA"
"26540",,"258","Micro","36,520","Huntington, IN",,"Fort Wayne-Huntington-Auburn, IN"
"26580",,"170","Metro","360,603","Huntington-Ashland, WV-KY-OH",,"Charleston-Huntington-Ashland, WV-OH-KY"
"26620",,"290","Metro","444,908","Huntsville, AL",,"Huntsville-Decatur, AL"
"26660",,"288","Micro","85,299","Huntsville, TX",,"Houston-The Woodlands, TX"
"26700",,,"Micro","18,163","Huron, SD",,
"26740",,,"Micro","63,360","Hutchinson, KS",,
"26780",,"378","Micro","35,816","Hutchinson, MN",,"Minneapolis-St. Paul, MN-WI"
"26820",,"292","Metro","140,427","Idaho Falls, ID",,"Idaho Falls-Rexburg-Blackfoot, ID"
"26860",,"430","Micro","86,551","Indiana, PA",,"Pittsburgh-New Castle-Weirton, PA-OH-WV"
"26900",,"294","Metro","1,989,032","Indianapolis-Carmel-Anderson, IN",,"Indianapolis-Carmel-Muncie, IN"
"26940",,"185","Micro","26,915","Indianola, MS",,"Cleveland-Indianola, MS"
"26980",,"168","Metro","166,520","Iowa City, IA",,"Cedar Rapids-Iowa City, IA"
"27020",,"361","Micro","30,048","Iron Mountain, MI-WI",,"Marinette-Iron Mountain, WI-MI"
"27060",,"296","Metro","104,415","Ithaca, NY",,"Ithaca-Cortland, NY"
"27100",,,"Metro","158,989","Jackson, MI",,
"27140",,"298","Metro","578,565","Jackson, MS",,"Jackson-Vicksburg-Brookhaven, MS"
"27160",,,"Micro","32,624","Jackson, OH",,
"27180",,"297","Metro","129,538","Jackson, TN",,"Jackson-Brownsville, TN"
"27220",,,"Micro","33,699","Jackson, WY-ID",,
"27260",,"300","Metro","1,447,884","Jacksonville, FL",,"Jacksonville-St. Marys-Palatka, FL-GA"
"27300",,"522","Micro","39,551","Jacksonville, IL",,"Springfield-Jacksonville-Lincoln, IL"
"27340",,,"Metro","192,685","Jacksonville, NC",,
"27380",,"540","Micro","51,594","Jacksonville, TX",,"Tyler-Jacksonville, TX"
"27420",,,"Micro","21,058","Jamestown, ND",,
"27460",,,"Micro","130,846","Jamestown-Dunkirk-Fredonia, NY",,
"27500",,"357","Metro","161,226","Janesville-Beloit, WI",,"Madison-Janesville-Beloit, WI"
"27530",,"142","Micro","66,295","Jasper, AL",,"Birmingham-Hoover-Talladega, AL"
"27540",,,"Micro","54,850","Jasper, IN",,
"27580",,,"Micro","15,297","Jayuya, PR",,
"27600",,"122","Micro","63,851","Jefferson, GA",,"Atlanta--Athens-Clarke County--Sandy Springs, GA-AL"
"27620",,,"Metro","151,056","Jefferson City, MO",,
"27660",,"324","Micro","31,405","Jennings, LA",,"Lake Charles-Jennings, LA"
"27700",,"496","Micro","29,833","Jesup, GA",,"Savannah-Hinesville-Statesboro, GA"
"27740",,"304","Metro","200,767","Johnson City, TN",,"Johnson City-Kingsport-Bristol, TN-VA"
"27780",,"306","Metro","135,871","Johnstown, PA",,"Johnstown-Somerset, PA"
"27860",,"308","Metro","128,344","Jonesboro, AR",,"Jonesboro-Paragould, AR"
"27900",,"309","Metro","176,759","Joplin, MO",,"Joplin-Miami, MO-OK"
"27940",,,"Micro","32,434","Juneau, AK",,
"27980",,,"Metro","164,180","Kahului-Wailuku-Lahaina, HI",,
"28020",,"310","Metro","335,020","Kalamazoo-Portage, MI",,"Kalamazoo-Battle Creek-Portage, MI"
"28060",,,"Micro","96,147","Kalispell, MT",,
"28100",,"176","Metro","110,801","Kankakee, IL",,"Chicago-Naperville, IL-IN-WI"
"28140",,"312","Metro","2,088,830","Kansas City, MO-KS",,"Kansas City-Overland Park-Kansas City, MO-KS"
"28180",,,"Micro","71,093","Kapaa, HI",,
"28260",,,"Micro","55,381","Kearney, NE",,
"28300",,,"Micro","76,109","Keene, NH",,
"28340",,"258","Micro","47,421","Kendallville, IN",,"Fort Wayne-Huntington-Auburn, IN"
"28380",,,"Micro","30,905","Kennett, MO",,
"28420",,"313","Metro","279,653","Kennewick-Richland, WA",,"Kennewick-Richland-Walla Walla, WA"
"28500",,"314","Micro","50,761","Kerrville, TX",,"Kerrville-Fredericksburg, TX"
"28540",,,"Micro","13,745","Ketchikan, AK",,
"28580",,"370","Micro","76,745","Key West, FL",,"Miami-Port St. Lucie-Fort Lauderdale, FL"
"28620",,"545","Micro","39,502","Kill Devil Hills, NC",,"Virginia Beach-Norfolk, VA-NC"
"28660",,,"Metro","432,797","Killeen-Temple, TX",,
"28700",,"304","Metro","306,745","Kingsport-Bristol, TN-VA",,"Johnson City-Kingsport-Bristol, TN-VA"
"28740",,"408","Metro","180,129","Kingston, NY",,"New York-Newark, NY-NJ-CT-PA"
"28780",,"204","Micro","32,104","Kingsville, TX",,"Corpus Christi-Kingsville-Alice, TX"
"28820",,"272","Micro","57,934","Kinston, NC",,"Greenville-Kinston-Washington, NC"
"28860",,,"Micro","29,887","Kirksville, MO",,
"28900",,,"Micro","66,018","Klamath Falls, OR",,
"28940",,"315","Metro","862,490","Knoxville, TN",,"Knoxville-Morristown-Sevierville, TN"
"29020",,"316","Metro","82,457","Kokomo, IN",,"Kokomo-Peru, IN"
"29060",,"148","Micro","60,383","Laconia, NH",,"Boston-Worcester-Providence, MA-RI-NH-CT"
"29100",,,"Metro","136,291","La Crosse-Onalaska, WI-MN",,
"29180",,"318","Metro","487,633","Lafayette, LA",,"Lafayette-Opelousas-Morgan City, LA"
"29200",,"320","Metro","214,760","Lafayette-West Lafayette, IN",,"Lafayette-West Lafayette-Frankfort, IN"
"29260",,,"Micro","25,810","La Grande, OR",,
"29300",,"122","Micro","69,433","LaGrange, GA-AL",,"Atlanta--Athens-Clarke County--Sandy Springs, GA-AL"
"29340",,"324","Metro","205,559","Lake Charles, LA",,"Lake Charles-Jennings, LA"
"29380",,"264","Micro","68,484","Lake City, FL",,"Gainesville-Lake City, FL"
"29420",,,"Metro","204,691","Lake Havasu City-Kingman, AZ",,
"29460",,"422","Metro","652,256","Lakeland-Winter Haven, FL",,"Orlando-Lakeland-Deltona, FL"
"29500",,,"Micro","13,095","Lamesa, TX",,
"29540",,,"Metro","536,494","Lancaster, PA",,
"29620",,,"Metro","472,092","Lansing-East Lansing, MI",,
"29660",,,"Micro","37,944","Laramie, WY",,
"29700",,,"Metro","269,624","Laredo, TX",,
"29740",,"238","Metro","213,849","Las Cruces, NM",,"El Paso-Las Cruces, TX-NM"
"29780",,"106","Micro","28,203","Las Vegas, NM",,"Albuquerque-Santa Fe-Las Vegas, NM"
"29820",,"332","Metro","2,112,436","Las Vegas-Henderson-Paradise, NV",,"Las Vegas-Henderson, NV"
"29860",,"279","Micro","84,875","Laurel, MS",,"Hattiesburg-Laurel, MS"
"29900",,"246","Micro","35,445","Laurinburg, NC",,"Fayetteville-Sanford-Lumberton, NC"
"29940",,"312","Metro","117,806","Lawrence, KS",,"Kansas City-Overland Park-Kansas City, MO-KS"
"29980",,"400","Micro","42,591","Lawrenceburg, TN",,"Nashville-Davidson--Murfreesboro, TN"
"30020",,,"Metro","129,066","Lawton, OK",,
"30060",,,"Micro","35,488","Lebanon, MO",,
"30100",,,"Micro","217,710","Lebanon, NH-VT",,
"30140",,"276","Metro","137,616","Lebanon, PA",,"Harrisburg-York-Lebanon, PA"
"30220",,"352","Micro","23,273","Levelland, TX",,"Lubbock-Plainview-Levelland, TX"
"30260",,"146","Micro","45,056","Lewisburg, PA",,"Bloomsburg-Berwick-Sunbury, PA"
"30280",,"400","Micro","31,753","Lewisburg, TN",,"Nashville-Davidson--Murfreesboro, TN"
"30300",,,"Metro","62,273","Lewiston, ID-WA",,
"30340",,"438","Metro","107,317","Lewiston-Auburn, ME",,"Portland-Lewiston-South Portland, ME"
"30380",,,"Micro","46,452","Lewistown, PA",,
"30420",,,"Micro","25,944","Lexington, NE",,
"30460",,"336","Metro","500,689","Lexington-Fayette, KY",,"Lexington-Fayette--Richmond--Frankfort, KY"
"30580",,,"Micro","22,948","Liberal, KS",,
"30620",,"338","Metro","104,157","Lima, OH",,"Lima-Van Wert-Celina, OH"
"30660",,"522","Micro","29,488","Lincoln, IL",,"Springfield-Jacksonville-Lincoln, IL"
"30700",,"339","Metro","323,402","Lincoln, NE",,"Lincoln-Beatrice, NE"
"30780",,"340","Metro","730,346","Little Rock-North Little Rock-Conway, AR",,"Little Rock-North Little Rock, AR"
"30820",,"558","Micro","39,321","Lock Haven, PA",,"Williamsport-Lock Haven, PA"
"30860",,,"Metro","133,408","Logan, UT-ID",,
"30900",,,"Micro","38,248","Logansport, IN",,
"30940",,,"Micro","127,352","London, KY",,
"30980",,,"Metro","216,934","Longview, TX",,
"31020",,"440","Metro","103,590","Longview, WA",,"Portland-Vancouver-Salem, OR-WA"
"31060",,"106","Micro","18,031","Los Alamos, NM",,"Albuquerque-Santa Fe-Las Vegas, NM"
"31080","11244","348","Metro","13,261,538","Los Angeles-Long Beach-Anaheim, CA","Anaheim-Santa Ana-Irvine, CA","Los Angeles-Long Beach, CA"
"31080","31084","348","Metro","13,261,538","Los Angeles-Long Beach-Anaheim, CA","Los Angeles-Long Beach-Glendale, CA","Los Angeles-Long Beach, CA"
"31140",,"350","Metro","1,278,203","Louisville/Jefferson County, KY-IN",,"Louisville/Jefferson County--Elizabethtown--Bardstown, KY-IN"
"31180",,"352","Metro","309,722","Lubbock, TX",,"Lubbock-Plainview-Levelland, TX"
"31220",,,"Micro","28,800","Ludington, MI",,
"31260",,,"Micro","87,700","Lufkin, TX",,
"31300",,"246","Micro","134,187","Lumberton, NC",,"Fayetteville-Sanford-Lumberton, NC"
"31340",,,"Metro","258,995","Lynchburg, VA",,
"31380",,,"Micro","31,597","Macomb, IL",,
"31420",,"356","Metro","229,966","Macon-Bibb County, GA",,"Macon-Bibb County--Warner Robins, GA"
"31460",,"260","Metro","154,440","Madera, CA",,"Fresno-Madera-Hanford, CA"
"31500",,,"Micro","32,293","Madison, IN",,
"31540",,"357","Metro","640,072","Madison, WI",,"Madison-Janesville-Beloit, WI"
"31580",,,"Micro","45,985","Madisonville, KY",,
"31620",,,"Micro","23,992","Magnolia, AR",,
"31660",,,"Micro","51,054","Malone, NY",,
"31680",,"284","Micro","33,480","Malvern, AR",,"Hot Springs-Malvern, AR"
"31700",,"148","Metro","406,371","Manchester-Nashua, NH",,"Boston-Worcester-Providence, MA-RI-NH-CT"
"31740",,,"Metro","98,884","Manhattan, KS",,
"31820",,,"Micro","79,680","Manitowoc, WI",,
"31860",,"359","Metro","99,244","Mankato, MN",,"Mankato-New Ulm, MN"
"31900",,"360","Metro","121,533","Mansfield, OH",,"Mansfield-Ashland-Bucyrus, OH"
"31930",,"425","Micro","60,871","Marietta, OH",,"Parkersburg-Marietta-Vienna, WV-OH"
"31940",,"361","Micro","64,101","Marinette, WI-MI",,"Marinette-Iron Mountain, WI-MI"
"31980",,,"Micro","67,615","Marion, IN",,
"32000",,"120","Micro","45,069","Marion, NC",,"Asheville-Marion-Brevard, NC"
"32020",,"198","Micro","65,483","Marion, OH",,"Columbus-Marion-Zanesville, OH"
"32100",,,"Micro","67,145","Marquette, MI",,
"32140",,,"Micro","25,789","Marshall, MN",,
"32180",,,"Micro","23,010","Marshall, MO",,
"32260",,,"Micro","40,476","Marshalltown, IA",,
"32280",,"362","Micro","33,776","Martin, TN",,"Martin-Union City, TN"
"32300",,,"Micro","65,212","Martinsville, VA",,
"32340",,,"Micro","22,744","Maryville, MO",,
"32380",,,"Micro","50,636","Mason City, IA",,
"32420",,"364","Metro","96,089","Mayagüez, PR",,"Mayagüez-San Germán, PR"
"32460",,"424","Micro","37,259","Mayfield, KY",,"Paducah-Mayfield, KY-IL"
"32500",,"178","Micro","17,167","Maysville, KY",,"Cincinnati-Wilmington-Maysville, OH-KY-IN"
"32540",,,"Micro","44,673","McAlester, OK",,
"32580",,"365","Metro","839,539","McAllen-Edinburg-Mission, TX",,"McAllen-Edinburg, TX"
"32620",,,"Micro","52,337","McComb, MS",,
"32660",,,"Micro","40,210","McMinnville, TN",,
"32700",,,"Micro","28,792","McPherson, KS",,
"32740",,"240","Micro","86,847","Meadville, PA",,"Erie-Meadville, PA"
"32780",,"366","Metro","212,070","Medford, OR",,"Medford-Grants Pass, OR"
"32820",,"368","Metro","1,344,058","Memphis, TN-MS-AR",,"Memphis-Forrest City, TN-MS-AR"
"32860",,"232","Micro","44,260","Menomonie, WI",,"Eau Claire-Menomonie, WI"
"32900",,"488","Metro","267,390","Merced, CA",,"San Jose-San Francisco-Oakland, CA"
"32940",,,"Micro","104,392","Meridian, MS",,
"33020",,"190","Micro","25,763","Mexico, MO",,"Columbia-Moberly-Mexico, MO"
"33060",,"309","Micro","31,725","Miami, OK",,"Joplin-Miami, MO-OK"
"33100","22744","370","Metro","6,019,790","Miami-Fort Lauderdale-Pompano Beach, FL","Fort Lauderdale-Pompano Beach-Sunrise, FL","Miami-Port St. Lucie-Fort Lauderdale, FL"
"33100","33124","370","Metro","6,019,790","Miami-Fort Lauderdale-Pompano Beach, FL","Miami-Miami Beach-Kendall, FL","Miami-Port St. Lucie-Fort Lauderdale, FL"
"33100","48424","370","Metro","6,019,790","Miami-Fort Lauderdale-Pompano Beach, FL","West Palm Beach-Boca Raton-Boynton Beach, FL","Miami-Port St. Lucie-Fort Lauderdale, FL"
"33140",,"176","Metro","110,839","Michigan City-La Porte, IN",,"Chicago-Naperville, IL-IN-WI"
"33180",,,"Micro","27,469","Middlesborough, KY",,
"33220",,"474","Metro","83,489","Midland, MI",,"Saginaw-Midland-Bay City, MI"
"33260",,"372","Metro","165,430","Midland, TX",,"Midland-Odessa, TX"
"33300",,,"Micro","54,194","Milledgeville, GA",,
"33340",,"376","Metro","1,575,101","Milwaukee-Waukesha, WI",,"Milwaukee-Racine-Waukesha, WI"
"33380",,"508","Micro","42,322","Minden, LA",,"Shreveport-Bossier City-Minden, LA"
"33420",,"206","Micro","28,109","Mineral Wells, TX",,"Dallas-Fort Worth, TX-OK"
"33460",,"378","Metro","3,526,149","Minneapolis-St. Paul-Bloomington, MN-WI",,"Minneapolis-St. Paul, MN-WI"
"33500",,,"Micro","78,122","Minot, ND",,
"33540",,,"Metro","114,231","Missoula, MT",,
"33580",,,"Micro","23,157","Mitchell, SD",,
"33620",,"190","Micro","24,987","Moberly, MO",,"Columbia-Moberly-Mexico, MO"
"33660",,"380","Metro","414,328","Mobile, AL",,"Mobile-Daphne-Fairhope, AL"
"33700",,"488","Metro","535,684","Modesto, CA",,"San Jose-San Francisco-Oakland, CA"
"33740",,"384","Metro","178,970","Monroe, LA",,"Monroe-Ruston, LA"
"33780",,"220","Metro","149,619","Monroe, MI",,"Detroit-Warren-Ann Arbor, MI"
"33860",,"388","Metro","373,507","Montgomery, AL",,"Montgomery-Selma-Alexander City, AL"
"33940",,,"Micro","40,908","Montrose, CO",,
"33980",,"404","Micro","68,699","Morehead City, NC",,"New Bern-Morehead City, NC"
"34020",,"318","Micro","52,578","Morgan City, LA",,"Lafayette-Opelousas-Morgan City, LA"
"34060",,"390","Metro","137,475","Morgantown, WV",,"Morgantown-Fairmont, WV"
"34100",,"315","Metro","116,352","Morristown, TN",,"Knoxville-Morristown-Sevierville, TN"
"34140",,"446","Micro","38,697","Moscow, ID",,"Pullman-Moscow, WA-ID"
"34180",,"393","Micro","93,420","Moses Lake, WA",,"Moses Lake-Othello, WA"
"34220",,,"Micro","45,890","Moultrie, GA",,
"34260",,,"Micro","41,093","Mountain Home, AR",,
"34300",,"147","Micro","26,232","Mountain Home, ID",,"Boise City-Mountain Home-Ontario, ID-OR"
"34340",,"268","Micro","72,315","Mount Airy, NC",,"Greensboro--Winston-Salem--High Point, NC"
"34350",,"170","Micro","35,926","Mount Gay-Shamrock, WV",,"Charleston-Huntington-Ashland, WV-OH-KY"
"34380",,"394","Micro","70,572","Mount Pleasant, MI",,"Mount Pleasant-Alma, MI"
"34420",,,"Micro","32,664","Mount Pleasant, TX",,
"34460",,"336","Micro","46,120","Mount Sterling, KY",,"Lexington-Fayette--Richmond--Frankfort, KY"
"34500",,,"Micro","38,358","Mount Vernon, IL",,
"34540",,"198","Micro","60,945","Mount Vernon, OH",,"Columbus-Marion-Zanesville, OH"
"34580",,"500","Metro","121,725","Mount Vernon-Anacortes, WA",,"Seattle-Tacoma, WA"
"34620",,"294","Metro","115,938","Muncie, IN",,"Indianapolis-Carmel-Muncie, IN"
"34660",,,"Micro","38,616","Murray, KY",,
"34700",,"209","Micro","42,923","Muscatine, IA",,"Davenport-Moline, IA-IL"
"34740",,"266","Metro","172,707","Muskegon, MI",,"Grand Rapids-Kentwood-Muskegon, MI"
"34780",,"538","Micro","69,471","Muskogee, OK",,"Tulsa-Muskogee-Bartlesville, OK"
"34820",,"396","Metro","432,772","Myrtle Beach-Conway-North Myrtle Beach, SC-NC",,"Myrtle Beach-Conway, SC-NC"
"34860",,,"Micro","65,411","Nacogdoches, TX",,
"34900",,"488","Metro","141,005","Napa, CA",,"San Jose-San Francisco-Oakland, CA"
"34940",,"163","Metro","356,774","Naples-Marco Island, FL",,"Cape Coral-Fort Myers-Naples, FL"
"34980",,"400","Metro","1,830,410","Nashville-Davidson--Murfreesboro--Franklin, TN",,"Nashville-Davidson--Murfreesboro, TN"
"35020",,,"Micro","51,794","Natchez, MS-LA",,
"35060",,,"Micro","39,051","Natchitoches, LA",,
"35100",,"404","Metro","125,953","New Bern, NC",,"New Bern-Morehead City, NC"
"35140",,"192","Micro","37,914","Newberry, SC",,"Columbia-Orangeburg-Newberry, SC"
"35220",,"294","Micro","48,649","New Castle, IN",,"Indianapolis-Carmel-Muncie, IN"
"35260",,"430","Micro","88,231","New Castle, PA",,"Pittsburgh-New Castle-Weirton, PA-OH-WV"
"35300",,"408","Metro","862,127","New Haven-Milford, CT",,"New York-Newark, NY-NJ-CT-PA"
"35380",,"406","Metro","1,260,660","New Orleans-Metairie, LA",,"New Orleans-Metairie-Hammond, LA-MS"
"35420",,"184","Micro","92,531","New Philadelphia-Dover, OH",,"Cleveland-Akron-Canton, OH"
"35440",,,"Micro","47,307","Newport, OR",,
"35460",,"315","Micro","35,262","Newport, TN",,"Knoxville-Morristown-Sevierville, TN"
"35580",,"359","Micro","25,243","New Ulm, MN",,"Mankato-New Ulm, MN"
"35620","35004","408","Metro","20,192,042","New York-Newark-Jersey City, NY-NJ-PA","Nassau County-Suffolk County, NY","New York-Newark, NY-NJ-CT-PA"
"35620","35084","408","Metro","20,192,042","New York-Newark-Jersey City, NY-NJ-PA","Newark, NJ-PA","New York-Newark, NY-NJ-CT-PA"
"35620","35154","408","Metro","20,192,042","New York-Newark-Jersey City, NY-NJ-PA","New Brunswick-Lakewood, NJ","New York-Newark, NY-NJ-CT-PA"
"35620","35614","408","Metro","20,192,042","New York-Newark-Jersey City, NY-NJ-PA","New York-Jersey City-White Plains, NY-NJ","New York-Newark, NY-NJ-CT-PA"
"35660",,"515","Metro","154,948","Niles, MI",,"South Bend-Elkhart-Mishawaka, IN-MI"
"35700",,"536","Micro","46,358","Nogales, AZ",,"Tucson-Nogales, AZ"
"35740",,,"Micro","48,257","Norfolk, NE",,
"35820",,,"Micro","36,920","North Platte, NE",,
"35840",,"412","Metro","768,381","North Port-Sarasota-Bradenton, FL",,"North Port-Sarasota, FL"
"35860",,"294","Micro","27,840","North Vernon, IN",,"Indianapolis-Carmel-Muncie, IN"
"35900",,,"Micro","68,525","North Wilkesboro, NC",,
"35940",,"184","Micro","58,497","Norwalk, OH",,"Cleveland-Akron-Canton, OH"
"35980",,"278","Metro","270,772","Norwich-New London, CT",,"Hartford-East Hartford, CT"
"36020",,"500","Micro","80,323","Oak Harbor, WA",,"Seattle-Tacoma, WA"
"36100",,,"Metro","343,778","Ocala, FL",,
"36140",,"428","Metro","94,549","Ocean City, NJ",,"Philadelphia-Reading-Camden, PA-NJ-DE-MD"
"36220",,"372","Metro","155,744","Odessa, TX",,"Midland-Odessa, TX"
"36260",,"482","Metro","642,274","Ogden-Clearfield, UT",,"Salt Lake City-Provo-Orem, UT"
"36300",,,"Micro","110,817","Ogdensburg-Massena, NY",,
"36340",,,"Micro","52,880","Oil City, PA",,
"36380",,,"Micro","40,228","Okeechobee, FL",,
"36420",,"416","Metro","1,353,504","Oklahoma City, OK",,"Oklahoma City-Shawnee, OK"
"36460",,"160","Micro","78,175","Olean, NY",,"Buffalo-Cheektowaga-Olean, NY"
"36500",,"500","Metro","269,885","Olympia-Lacey-Tumwater, WA",,"Seattle-Tacoma, WA"
"36540",,"420","Metro","914,190","Omaha-Council Bluffs, NE-IA",,"Omaha-Council Bluffs-Fremont, NE-IA"
"36580",,,"Micro","60,750","Oneonta, NY",,
"36620",,"147","Micro","53,260","Ontario, OR-ID",,"Boise City-Mountain Home-Ontario, ID-OR"
"36660",,"318","Micro","83,580","Opelousas, LA",,"Lafayette-Opelousas-Morgan City, LA"
"36700",,"192","Micro","89,116","Orangeburg, SC",,"Columbia-Orangeburg-Newberry, SC"
"36740",,"422","Metro","2,390,859","Orlando-Kissimmee-Sanford, FL",,"Orlando-Lakeland-Deltona, FL"
"36780",,"118","Metro","169,540","Oshkosh-Neenah, WI",,"Appleton-Oshkosh-Neenah, WI"
"36820",,"218","Micro","22,301","Oskaloosa, IA",,"Des Moines-Ames-West Des Moines, IA"
"36830",,"393","Micro","19,261","Othello, WA",,"Moses Lake-Othello, WA"
"36837",,"176","Micro","147,503","Ottawa, IL",,"Chicago-Naperville, IL-IN-WI"
"36840",,"312","Micro","25,599","Ottawa, KS",,"Kansas City-Overland Park-Kansas City, MO-KS"
"36900",,,"Micro","44,155","Ottumwa, IA",,
"36940",,"378","Micro","36,612","Owatonna, MN",,"Minneapolis-St. Paul, MN-WI"
"36980",,,"Metro","117,319","Owensboro, KY",,
"37060",,,"Micro","52,744","Oxford, MS",,
"37100",,"348","Metro","847,834","Oxnard-Thousand Oaks-Ventura, CA",,"Los Angeles-Long Beach, CA"
"37120",,"222","Micro","49,393","Ozark, AL",,"Dothan-Ozark, AL"
"37140",,"424","Micro","97,319","Paducah, KY-IL",,"Paducah-Mayfield, KY-IL"
"37220",,"332","Micro","43,296","Pahrump, NV",,"Las Vegas-Henderson, NV"
"37260",,"300","Micro","72,435","Palatka, FL",,"Jacksonville-St. Marys-Palatka, FL-GA"
"37300",,,"Micro","57,747","Palestine, TX",,
"37340",,,"Metro","568,183","Palm Bay-Melbourne-Titusville, FL",,
"37420",,"108","Micro","22,962","Pampa, TX",,"Amarillo-Pampa-Borger, TX"
"37460",,,"Metro","196,135","Panama City, FL",,
"37500",,"308","Micro","44,197","Paragould, AR",,"Jonesboro-Paragould, AR"
"37540",,,"Micro","32,263","Paris, TN",,
"37580",,,"Micro","49,401","Paris, TX",,
"37620",,"425","Metro","91,816","Parkersburg-Vienna, WV",,"Parkersburg-Marietta-Vienna, WV-OH"
"37660",,,"Micro","20,553","Parsons, KS",,
"37740",,"429","Micro","53,145","Payson, AZ",,"Phoenix-Mesa, AZ"
"37770",,"484","Micro","17,104","Pearsall, TX",,"San Antonio-New Braunfels-Pearsall, TX"
"37780",,,"Micro","14,791","Pecos, TX",,
"37800",,"218","Micro","33,127","Pella, IA",,"Des Moines-Ames-West Des Moines, IA"
"37860",,"426","Metro","476,702","Pensacola-Ferry Pass-Brent, FL",,"Pensacola-Ferry Pass, FL-AL"
"37900",,,"Metro","377,258","Peoria, IL",,
"37940",,"316","Micro","36,035","Peru, IN",,"Kokomo-Peru, IN"
"37980","15804","428","Metro","6,065,644","Philadelphia-Camden-Wilmington, PA-NJ-DE-MD","Camden, NJ","Philadelphia-Reading-Camden, PA-NJ-DE-MD"
"37980","33874","428","Metro","6,065,644","Philadelphia-Camden-Wilmington, PA-NJ-DE-MD","Montgomery County-Bucks County-Chester County, PA","Philadelphia-Reading-Camden, PA-NJ-DE-MD"
"37980","37964","428","Metro","6,065,644","Philadelphia-Camden-Wilmington, PA-NJ-DE-MD","Philadelphia, PA","Philadelphia-Reading-Camden, PA-NJ-DE-MD"
"37980","48864","428","Metro","6,065,644","Philadelphia-Camden-Wilmington, PA-NJ-DE-MD","Wilmington, DE-MD-NJ","Philadelphia-Reading-Camden, PA-NJ-DE-MD"
"38060",,"429","Metro","4,561,038","Phoenix-Mesa-Chandler, AZ",,"Phoenix-Mesa, AZ"
"38100",,"406","Micro","55,049","Picayune, MS",,"New Orleans-Metairie-Hammond, LA-MS"
"38180",,,"Micro","21,956","Pierre, SD",,
"38220",,"340","Metro","93,590","Pine Bluff, AR",,"Little Rock-North Little Rock, AR"
"38240",,"246","Micro","94,191","Pinehurst-Southern Pines, NC",,"Fayetteville-Sanford-Lumberton, NC"
"38260",,,"Micro","39,099","Pittsburg, KS",,
"38300",,"430","Metro","2,348,143","Pittsburgh, PA",,"Pittsburgh-New Castle-Weirton, PA-OH-WV"
"38340",,,"Metro","127,751","Pittsfield, MA",,
"38380",,"352","Micro","34,527","Plainview, TX",,"Lubbock-Plainview-Levelland, TX"
"38420",,,"Micro","51,742","Platteville, WI",,
"38460",,,"Micro","81,224","Plattsburgh, NY",,
"38500",,"515","Micro","46,752","Plymouth, IN",,"South Bend-Elkhart-Mishawaka, IN-MI"
"38540",,,"Metro","84,113","Pocatello, ID",,
"38580",,"170","Micro","57,203","Point Pleasant, WV-OH",,"Charleston-Huntington-Ashland, WV-OH-KY"
"38620",,,"Micro","45,173","Ponca City, OK",,
"38660",,"434","Metro","316,625","Ponce, PR",,"Ponce-Yauco-Coamo, PR"
"38700",,"145","Micro","36,812","Pontiac, IL",,"Bloomington-Pontiac, IL"
"38740",,,"Micro","42,826","Poplar Bluff, MO",,
"38780",,"188","Micro","19,313","Portales, NM",,"Clovis-Portales, NM"
"38820",,,"Micro","73,439","Port Angeles, WA",,
"38860",,"438","Metro","525,776","Portland-South Portland, ME",,"Portland-Lewiston-South Portland, ME"
"38900",,"440","Metro","2,382,037","Portland-Vancouver-Hillsboro, OR-WA",,"Portland-Vancouver-Salem, OR-WA"
"38920",,"544","Micro","21,821","Port Lavaca, TX",,"Victoria-Port Lavaca, TX"
"38940",,"370","Metro","454,482","Port St. Lucie, FL",,"Miami-Port St. Lucie-Fort Lauderdale, FL"
"39020",,"170","Micro","76,871","Portsmouth, OH",,"Charleston-Huntington-Ashland, WV-OH-KY"
"39060",,,"Micro","144,287","Pottsville, PA",,
"39100",,"408","Metro","664,866","Poughkeepsie-Newburgh-Middletown, NY",,"New York-Newark, NY-NJ-CT-PA"
"39150",,,"Metro","215,883","Prescott Valley-Prescott, AZ",,
"39220",,,"Micro","20,512","Price, UT",,
"39260",,"140","Micro","21,717","Prineville, OR",,"Bend-Prineville, OR"
"39300",,"148","Metro","1,613,154","Providence-Warwick, RI-MA",,"Boston-Worcester-Providence, MA-RI-NH-CT"
"39340",,"482","Metro","587,190","Provo-Orem, UT",,"Salt Lake City-Provo-Orem, UT"
"39380",,"444","Metro","163,368","Pueblo, CO",,"Pueblo-Cañon City, CO"
"39420",,"446","Micro","47,794","Pullman, WA",,"Pullman-Moscow, WA-ID"
"39460",,"412","Metro","173,236","Punta Gorda, FL",,"North Port-Sarasota, FL"
"39500",,"448","Micro","76,865","Quincy, IL-MO",,"Quincy-Hannibal, IL-MO"
"39540",,"376","Metro","195,101","Racine, WI",,"Milwaukee-Racine-Waukesha, WI"
"39580",,"450","Metro","1,273,985","Raleigh-Cary, NC",,"Raleigh-Durham-Cary, NC"
"39660",,"452","Metro","143,711","Rapid City, SD",,"Rapid City-Spearfish, SD"
"39700",,"154","Micro","21,839","Raymondville, TX",,"Brownsville-Harlingen-Raymondville, TX"
"39740",,"428","Metro","415,500","Reading, PA",,"Philadelphia-Reading-Camden, PA-NJ-DE-MD"
"39780",,"454","Micro","63,247","Red Bluff, CA",,"Redding-Red Bluff, CA"
"39820",,"454","Metro","178,919","Redding, CA",,"Redding-Red Bluff, CA"
"39860",,"378","Micro","46,138","Red Wing, MN",,"Minneapolis-St. Paul, MN-WI"
"39900",,"456","Metro","449,442","Reno, NV",,"Reno-Carson City-Fernley, NV"
"39940",,"292","Micro","51,130","Rexburg, ID",,"Idaho Falls-Rexburg-Blackfoot, ID"
"39980",,"458","Micro","66,972","Richmond, IN",,"Richmond-Connersville, IN"
"40060",,,"Metro","1,270,158","Richmond, VA",,
"40080",,"336","Micro","105,191","Richmond-Berea, KY",,"Lexington-Fayette--Richmond--Frankfort, KY"
"40100",,"365","Micro","63,420","Rio Grande City-Roma, TX",,"McAllen-Edinburg, TX"
"40140",,"348","Metro","4,476,222","Riverside-San Bernardino-Ontario, CA",,"Los Angeles-Long Beach, CA"
"40180",,,"Micro","40,354","Riverton, WY",,
"40220",,,"Metro","313,069","Roanoke, VA",,
"40260",,"468","Micro","72,726","Roanoke Rapids, NC",,"Rocky Mount-Wilson-Roanoke Rapids, NC"
"40300",,"466","Micro","51,619","Rochelle, IL",,"Rockford-Freeport-Rochelle, IL"
"40340",,"462","Metro","214,485","Rochester, MN",,"Rochester-Austin, MN"
"40380",,"464","Metro","1,080,653","Rochester, NY",,"Rochester-Batavia-Seneca Falls, NY"
"40420",,"466","Metro","341,150","Rockford, IL",,"Rockford-Freeport-Rochelle, IL"
"40460",,,"Micro","45,447","Rockingham, NC",,
"40530",,"204","Micro","20,644","Rockport, TX",,"Corpus Christi-Kingsville-Alice, TX"
"40540",,,"Micro","44,527","Rock Springs, WY",,
"40580",,"468","Metro","148,157","Rocky Mount, NC",,"Rocky Mount-Wilson-Roanoke Rapids, NC"
"40620",,,"Micro","44,873","Rolla, MO",,
"40660",,"122","Metro","96,471","Rome, GA",,"Atlanta--Athens-Clarke County--Sandy Springs, GA-AL"
"40700",,,"Micro","107,576","Roseburg, OR",,
"40740",,,"Micro","65,454","Roswell, NM",,
"40760",,,"Micro","19,497","Ruidoso, NM",,
"40780",,,"Micro","84,973","Russellville, AR",,
"40820",,"384","Micro","47,536","Ruston, LA",,"Monroe-Ruston, LA"
"40860",,,"Micro","59,676","Rutland, VT",,
"40900",,"472","Metro","2,268,005","Sacramento-Roseville-Folsom, CA",,"Sacramento-Roseville, CA"
"40940",,,"Micro","37,700","Safford, AZ",,
"40980",,"474","Metro","193,803","Saginaw, MI",,"Saginaw-Midland-Bay City, MI"
"41060",,"378","Metro","194,660","St. Cloud, MN",,"Minneapolis-St. Paul, MN-WI"
"41100",,,"Metro","155,577","St. George, UT",,
"41140",,"312","Metro","127,137","St. Joseph, MO-KS",,"Kansas City-Overland Park-Kansas City, MO-KS"
"41180",,"476","Metro","2,804,998","St. Louis, MO-IL",,"St. Louis-St. Charles-Farmington, MO-IL"
"41220",,"300","Micro","52,252","St. Marys, GA",,"Jacksonville-St. Marys-Palatka, FL-GA"
"41260",,,"Micro","30,781","St. Marys, PA",,
"41400",,"566","Micro","104,584","Salem, OH",,"Youngstown-Warren, OH-PA"
"41420",,"440","Metro","410,119","Salem, OR",,"Portland-Vancouver-Salem, OR-WA"
"41460",,,"Micro","61,291","Salina, KS",,
"41500",,,"Metro","433,168","Salinas, CA",,
"41540",,"480","Metro","394,925","Salisbury, MD-DE",,"Salisbury-Cambridge, MD-DE"
"41620",,"482","Metro","1,170,057","Salt Lake City, UT",,"Salt Lake City-Provo-Orem, UT"
"41660",,,"Metro","118,498","San Angelo, TX",,
"41700",,"484","Metro","2,377,507","San Antonio-New Braunfels, TX",,"San Antonio-New Braunfels-Pearsall, TX"
"41740",,,"Metro","3,283,665","San Diego-Chula Vista-Carlsbad, CA",,
"41760",,,"Micro","41,855","Sandpoint, ID",,
"41780",,"184","Micro","75,369","Sandusky, OH",,"Cleveland-Akron-Canton, OH"
"41820",,"246","Micro","59,805","Sanford, NC",,"Fayetteville-Sanford-Lumberton, NC"
"41860","36084","488","Metro","4,641,820","San Francisco-Oakland-Berkeley, CA","Oakland-Berkeley-Livermore, CA","San Jose-San Francisco-Oakland, CA"
"41860","41884","488","Metro","4,641,820","San Francisco-Oakland-Berkeley, CA","San Francisco-San Mateo-Redwood City, CA","San Jose-San Francisco-Oakland, CA"
"41860","42034","488","Metro","4,641,820","San Francisco-Oakland-Berkeley, CA","San Rafael, CA","San Jose-San Francisco-Oakland, CA"
"41900",,"364","Metro","130,166","San Germán, PR",,"Mayagüez-San Germán, PR"
"41940",,"488","Metro","1,969,897","San Jose-Sunnyvale-Santa Clara, CA",,"San Jose-San Francisco-Oakland, CA"
"41980",,"490","Metro","2,193,264","San Juan-Bayamón-Caguas, PR",,"San Juan-Bayamón, PR"
"42020",,,"Metro","280,119","San Luis Obispo-Paso Robles, CA",,
"42100",,"488","Metro","273,263","Santa Cruz-Watsonville, CA",,"San Jose-San Francisco-Oakland, CA"
"42140",,"106","Metro","147,514","Santa Fe, NM",,"Albuquerque-Santa Fe-Las Vegas, NM"
"42180",,"434","Micro","22,475","Santa Isabel, PR",,"Ponce-Yauco-Coamo, PR"
"42200",,,"Metro","442,996","Santa Maria-Santa Barbara, CA",,
"42220",,"488","Metro","500,943","Santa Rosa-Petaluma, CA",,"San Jose-San Francisco-Oakland, CA"
"42300",,,"Micro","38,023","Sault Ste. Marie, MI",,
"42340",,"496","Metro","377,476","Savannah, GA",,"Savannah-Hinesville-Statesboro, GA"
"42380",,,"Micro","61,546","Sayre, PA",,
"42420",,,"Micro","38,493","Scottsbluff, NE",,
"42460",,"497","Micro","52,326","Scottsboro, AL",,"Scottsboro-Fort Payne, AL"
"42500",,"350","Micro","22,929","Scottsburg, IN",,"Louisville/Jefferson County--Elizabethtown--Bardstown, KY-IN"
"42540",,,"Metro","557,942","Scranton--Wilkes-Barre, PA",,
"42620",,"340","Micro","78,706","Searcy, AR",,"Little Rock-North Little Rock, AR"
"42660","42644","500","Metro","3,735,216","Seattle-Tacoma-Bellevue, WA","Seattle-Bellevue-Kent, WA","Seattle-Tacoma, WA"
"42660","45104","500","Metro","3,735,216","Seattle-Tacoma-Bellevue, WA","Tacoma-Lakewood, WA","Seattle-Tacoma, WA"
"42680",,"370","Metro","147,981","Sebastian-Vero Beach, FL",,"Miami-Port St. Lucie-Fort Lauderdale, FL"
"42700",,,"Metro","100,177","Sebring-Avon Park, FL",,
"42740",,,"Micro","42,309","Sedalia, MO",,
"42780",,"146","Micro","40,570","Selinsgrove, PA",,"Bloomsburg-Berwick-Sunbury, PA"
"42820",,"388","Micro","40,755","Selma, AL",,"Montgomery-Selma-Alexander City, AL"
"42860",,"273","Micro","75,926","Seneca, SC",,"Greenville-Spartanburg-Anderson, SC"
"42900",,"464","Micro","34,843","Seneca Falls, NY",,"Rochester-Batavia-Seneca Falls, NY"
"42940",,"315","Micro","95,523","Sevierville, TN",,"Knoxville-Morristown-Sevierville, TN"
"42980",,"294","Micro","43,779","Seymour, IN",,"Indianapolis-Carmel-Muncie, IN"
"43020",,"267","Micro","45,642","Shawano, WI",,"Green Bay-Shawano, WI"
"43060",,"416","Micro","71,614","Shawnee, OK",,"Oklahoma City-Shawnee, OK"
"43100",,,"Metro","115,094","Sheboygan, WI",,
"43140",,"172","Micro","97,038","Shelby, NC",,"Charlotte-Concord, NC-SC"
"43180",,"400","Micro","46,854","Shelbyville, TN",,"Nashville-Davidson--Murfreesboro, TN"
"43220",,"500","Micro","61,569","Shelton, WA",,"Seattle-Tacoma, WA"
"43260",,,"Micro","29,964","Sheridan, WY",,
"43300",,"206","Metro","126,146","Sherman-Denison, TX",,"Dallas-Fort Worth, TX-OK"
"43320",,,"Micro","107,902","Show Low, AZ",,
"43340",,"508","Metro","443,974","Shreveport-Bossier City, LA",,"Shreveport-Bossier City-Minden, LA"
"43380",,"212","Micro","48,902","Sidney, OH",,"Dayton-Springfield-Kettering, OH"
"43420",,,"Metro","126,516","Sierra Vista-Douglas, AZ",,
"43460",,"164","Micro","38,858","Sikeston, MO",,"Cape Girardeau-Sikeston, MO-IL"
"43500",,,"Micro","28,382","Silver City, NM",,
"43580",,,"Metro","168,647","Sioux City, IA-NE-SD",,
"43620",,,"Metro","250,564","Sioux Falls, SD",,
"43660",,,"Micro","17,346","Snyder, TX",,
"43700",,,"Micro","63,974","Somerset, KY",,
"43740",,"306","Micro","75,619","Somerset, PA",,"Johnstown-Somerset, PA"
"43760",,,"Micro","53,899","Sonora, CA",,
"43780",,"515","Metro","320,010","South Bend-Mishawaka, IN-MI",,"South Bend-Elkhart-Mishawaka, IN-MI"
"43900",,"273","Metro","325,504","Spartanburg, SC",,"Greenville-Spartanburg-Anderson, SC"
"43940",,"452","Micro","25,018","Spearfish, SD",,"Rapid City-Spearfish, SD"
"43980",,"517","Micro","16,387","Spencer, IA",,"Spencer-Spirit Lake, IA"
"44020",,"517","Micro","17,000","Spirit Lake, IA",,"Spencer-Spirit Lake, IA"
"44060",,"518","Metro","547,688","Spokane-Spokane Valley, WA",,"Spokane-Spokane Valley-Coeur d'Alene, WA-ID"
"44100",,"522","Metro","210,550","Springfield, IL",,"Springfield-Jacksonville-Lincoln, IL"
"44140",,,"Metro","630,385","Springfield, MA",,
"44180",,,"Metro","455,133","Springfield, MO",,
"44220",,"212","Metro","135,520","Springfield, OH",,"Dayton-Springfield-Kettering, OH"
"44260",,,"Micro","49,392","Starkville, MS",,
"44300",,"524","Metro","160,646","State College, PA",,"State College-DuBois, PA"
"44340",,"496","Micro","73,742","Statesboro, GA",,"Savannah-Hinesville-Statesboro, GA"
"44420",,"277","Metro","120,283","Staunton, VA",,"Harrisonburg-Staunton, VA"
"44460",,"525","Micro","24,359","Steamboat Springs, CO",,"Steamboat Springs-Craig, CO"
"44500",,,"Micro","41,016","Stephenville, TX",,
"44540",,,"Micro","21,885","Sterling, CO",,
"44580",,"221","Micro","56,823","Sterling, IL",,"Dixon-Sterling, IL"
"44620",,"554","Micro","70,371","Stevens Point, WI",,"Wausau-Stevens Point-Wisconsin Rapids, WI"
"44660",,,"Micro","80,634","Stillwater, OK",,
"44700",,"488","Metro","724,153","Stockton, CA",,"San Jose-San Francisco-Oakland, CA"
"44740",,,"Micro","20,369","Storm Lake, IA",,
"44780",,"310","Micro","60,890","Sturgis, MI",,"Kalamazoo-Battle Creek-Portage, MI"
"44860",,,"Micro","35,929","Sulphur Springs, TX",,
"44900",,"174","Micro","24,880","Summerville, GA",,"Chattanooga-Cleveland-Dalton, TN-GA"
"44940",,,"Metro","107,379","Sumter, SC",,
"44980",,"146","Micro","93,038","Sunbury, PA",,"Bloomsburg-Berwick-Sunbury, PA"
"45000",,,"Micro","31,470","Susanville, CA",,
"45020",,,"Micro","14,990","Sweetwater, TX",,
"45060",,"532","Metro","659,262","Syracuse, NY",,"Syracuse-Auburn, NY"
"45140",,,"Micro","48,404","Tahlequah, OK",,
"45180",,"142","Micro","91,843","Talladega-Sylacauga, AL",,"Birmingham-Hoover-Talladega, AL"
"45220",,,"Metro","377,674","Tallahassee, FL",,
"45300",,,"Metro","2,978,209","Tampa-St. Petersburg-Clearwater, FL",,
"45340",,,"Micro","32,809","Taos, NM",,
"45380",,"522","Micro","33,562","Taylorville, IL",,"Springfield-Jacksonville-Lincoln, IL"
"45460",,,"Metro","170,642","Terre Haute, IN",,
"45500",,,"Metro","149,889","Texarkana, TX-AR",,
"45520",,,"Micro","25,687","The Dalles, OR",,
"45540",,"422","Metro","116,754","The Villages, FL",,"Orlando-Lakeland-Deltona, FL"
"45580",,"122","Micro","26,241","Thomaston, GA",,"Atlanta--Athens-Clarke County--Sandy Springs, GA-AL"
"45620",,,"Micro","44,909","Thomasville, GA",,
"45660",,"534","Micro","55,549","Tiffin, OH",,"Toledo-Findlay-Tiffin, OH"
"45700",,,"Micro","40,531","Tifton, GA",,
"45740",,"122","Micro","25,625","Toccoa, GA",,"Atlanta--Athens-Clarke County--Sandy Springs, GA-AL"
"45780",,"534","Metro","605,204","Toledo, OH",,"Toledo-Findlay-Tiffin, OH"
"45820",,,"Metro","233,382","Topeka, KS",,
"45860",,"408","Micro","184,454","Torrington, CT",,"New York-Newark, NY-NJ-CT-PA"
"45900",,,"Micro","147,606","Traverse City, MI",,
"45940",,"408","Metro","373,362","Trenton-Princeton, NJ",,"New York-Newark, NY-NJ-CT-PA"
"45980",,,"Micro","33,287","Troy, AL",,
"46020",,"472","Micro","98,838","Truckee-Grass Valley, CA",,"Sacramento-Roseville, CA"
"46060",,"536","Metro","1,007,257","Tucson, AZ",,"Tucson-Nogales, AZ"
"46100",,,"Micro","101,773","Tullahoma-Manchester, TN",,
"46140",,"538","Metro","977,869","Tulsa, OK",,"Tulsa-Muskogee-Bartlesville, OK"
"46180",,"539","Micro","139,354","Tupelo, MS",,"Tupelo-Corinth, MS"
"46220",,,"Metro","239,589","Tuscaloosa, AL",,
"46300",,,"Metro","105,287","Twin Falls, ID",,
"46340",,"540","Metro","222,277","Tyler, TX",,"Tyler-Jacksonville, TX"
"46380",,,"Micro","87,497","Ukiah, CA",,
"46420",,"273","Micro","27,214","Union, SC",,"Greenville-Spartanburg-Anderson, SC"
"46460",,"362","Micro","36,918","Union City, TN",,"Martin-Union City, TN"
"46500",,"212","Micro","39,005","Urbana, OH",,"Dayton-Springfield-Kettering, OH"
"46520",,,"Metro","990,060","Urban Honolulu, HI",,
"46540",,,"Metro","295,267","Utica-Rome, NY",,
"46620",,,"Micro","27,015","Uvalde, TX",,
"46660",,,"Metro","143,969","Valdosta, GA",,
"46700",,"488","Metro","434,981","Vallejo, CA",,"San Jose-San Francisco-Oakland, CA"
"46780",,"338","Micro","28,262","Van Wert, OH",,"Lima-Van Wert-Celina, OH"
"46820",,,"Micro","13,907","Vermillion, SD",,
"46860",,,"Micro","36,343","Vernal, UT",,
"46900",,,"Micro","12,972","Vernon, TX",,
"46980",,"298","Micro","56,616","Vicksburg, MS",,"Jackson-Vicksburg-Brookhaven, MS"
"47020",,"544","Metro","99,028","Victoria, TX",,"Victoria-Port Lavaca, TX"
"47080",,,"Micro","36,122","Vidalia, GA",,
"47180",,,"Micro","37,763","Vincennes, IN",,
"47220",,"428","Metro","154,952","Vineland-Bridgeton, NJ",,"Philadelphia-Reading-Camden, PA-NJ-DE-MD"
"47240",,,"Micro","17,275","Vineyard Haven, MA",,
"47260",,"545","Metro","1,717,708","Virginia Beach-Norfolk-Newport News, VA-NC",,"Virginia Beach-Norfolk, VA-NC"
"47300",,,"Metro","458,809","Visalia, CA",,
"47340",,,"Micro","31,848","Wabash, IN",,
"47380",,,"Metro","263,009","Waco, TX",,
"47420",,"244","Micro","22,731","Wahpeton, ND-MN",,"Fargo-Wahpeton, ND-MN"
"47460",,"313","Metro","63,861","Walla Walla, WA",,"Kennewick-Richland-Walla Walla, WA"
"47540",,"338","Micro","45,778","Wapakoneta, OH",,"Lima-Van Wert-Celina, OH"
"47580",,"356","Metro","188,764","Warner Robins, GA",,"Macon-Bibb County--Warner Robins, GA"
"47620",,,"Micro","40,345","Warren, PA",,
"47660",,"312","Micro","53,941","Warrensburg, MO",,"Kansas City-Overland Park-Kansas City, MO-KS"
"47700",,"515","Micro","78,720","Warsaw, IN",,"South Bend-Elkhart-Mishawaka, IN-MI"
"47780",,,"Micro","32,777","Washington, IN",,
"47820",,"272","Micro","47,316","Washington, NC",,"Greenville-Kinston-Washington, NC"
"47900","23224","548","Metro","6,090,196","Washington-Arlington-Alexandria, DC-VA-MD-WV","Frederick-Gaithersburg-Rockville, MD","Washington-Baltimore-Arlington, DC-MD-VA-WV-PA"
"47900","47894","548","Metro","6,090,196","Washington-Arlington-Alexandria, DC-VA-MD-WV","Washington-Arlington-Alexandria, DC-VA-MD-WV","Washington-Baltimore-Arlington, DC-MD-VA-WV-PA"
"47920",,"198","Micro","28,659","Washington Court House, OH",,"Columbus-Marion-Zanesville, OH"
"47940",,,"Metro","170,055","Waterloo-Cedar Falls, IA",,
"47980",,,"Micro","27,963","Watertown, SD",,
"48020",,"376","Micro","84,586","Watertown-Fort Atkinson, WI",,"Milwaukee-Racine-Waukesha, WI"
"48060",,,"Metro","116,567","Watertown-Fort Drum, NY",,
"48100",,"422","Micro","27,326","Wauchula, FL",,"Orlando-Lakeland-Deltona, FL"
"48140",,"554","Metro","135,293","Wausau-Weston, WI",,"Wausau-Stevens Point-Wisconsin Rapids, WI"
"48180",,,"Micro","54,829","Waycross, GA",,
"48220",,,"Micro","29,169","Weatherford, OK",,
"48260",,"430","Metro","120,337","Weirton-Steubenville, WV-OH",,"Pittsburgh-New Castle-Weirton, PA-OH-WV"
"48300",,,"Metro","115,723","Wenatchee, WA",,
"48460",,,"Micro","40,139","West Plains, MO",,
"48500",,"200","Micro","19,990","West Point, MS",,"Columbus-West Point, MS"
"48540",,,"Metro","143,801","Wheeling, WV-OH",,
"48580",,"376","Micro","102,917","Whitewater, WI",,"Milwaukee-Racine-Waukesha, WI"
"48620",,"556","Metro","642,339","Wichita, KS",,"Wichita-Winfield, KS"
"48660",,,"Metro","150,940","Wichita Falls, TX",,
"48700",,"558","Metro","115,398","Williamsport, PA",,"Williamsport-Lock Haven, PA"
"48780",,,"Micro","32,916","Williston, ND",,
"48820",,,"Micro","42,577","Willmar, MN",,
"48900",,,"Metro","277,496","Wilmington, NC",,
"48940",,"178","Micro","41,869","Wilmington, OH",,"Cincinnati-Wilmington-Maysville, OH-KY-IN"
"48980",,"468","Micro","81,379","Wilson, NC",,"Rocky Mount-Wilson-Roanoke Rapids, NC"
"49020",,"548","Metro","134,712","Winchester, VA-WV",,"Washington-Baltimore-Arlington, DC-MD-VA-WV-PA"
"49060",,"556","Micro","36,242","Winfield, KS",,"Wichita-Winfield, KS"
"49080",,,"Micro","17,088","Winnemucca, NV",,
"49100",,,"Micro","50,992","Winona, MN",,
"49180",,"268","Metro","658,195","Winston-Salem, NC",,"Greensboro--Winston-Salem--High Point, NC"
"49220",,"554","Micro","73,427","Wisconsin Rapids-Marshfield, WI",,"Wausau-Stevens Point-Wisconsin Rapids, WI"
"49260",,,"Micro","21,140","Woodward, OK",,
"49300",,"184","Micro","115,915","Wooster, OH",,"Cleveland-Akron-Canton, OH"
"49340",,"148","Metro","934,923","Worcester, MA-CT",,"Boston-Worcester-Providence, MA-RI-NH-CT"
"49380",,,"Micro","21,854","Worthington, MN",,
"49420",,,"Metro","248,279","Yakima, WA",,
"49460",,,"Micro","22,660","Yankton, SD",,
"49500",,"434","Metro","118,063","Yauco, PR",,"Ponce-Yauco-Coamo, PR"
"49620",,"276","Metro","442,216","York-Hanover, PA",,"Harrisburg-York-Lebanon, PA"
"49660",,"566","Metro","548,821","Youngstown-Warren-Boardman, OH-PA",,"Youngstown-Warren, OH-PA"
"49700",,"472","Metro","170,227","Yuba City, CA",,"Sacramento-Roseville, CA"
"49740",,,"Metro","204,281","Yuma, AZ",,
"49780",,"198","Micro","85,933","Zanesville, OH",,"Columbus-Marion-Zanesville, OH"
"49820",,,"Micro","14,415","Zapata, TX",,
